<?xml version="1.0" encoding="UTF-8"?>
<course identifier="ifce787660e5ece73f5fd9fbbfde33fab" xmlns="http://canvas.instructure.com/xsd/cccv1p0" xmlns:xsi="http://www.w3.org/2001/XMLSchema-instance" xsi:schemaLocation="http://canvas.instructure.com/xsd/cccv1p0 http://canvas.instructure.com/xsd/cccv1p0.xsd">
  <title>test2</title>
  <course_code>test</course_code>
  <start_at>2013-05-14T07:00:00</start_at>
  <conclude_at>2013-05-25T06:55:00</conclude_at>
  <is_public>true</is_public>
  <publish_grades_immediately>true</publish_grades_immediately>
  <allow_student_wiki_edits>false</allow_student_wiki_edits>
  <allow_student_forum_attachments>false</allow_student_forum_attachments>
  <default_wiki_editing_roles>teachers</default_wiki_editing_roles>
  <allow_student_organized_groups>true</allow_student_organized_groups>
  <default_view>feed</default_view>
  <license>cc_by</license>
  <indexed>false</indexed>
  <hide_final_grade>false</hide_final_grade>
  <hide_distribution_graphs>false</hide_distribution_graphs>
  <allow_student_discussion_topics>true</allow_student_discussion_topics>
  <grading_standard_enabled>false</grading_standard_enabled>
  <storage_quota>524288000</storage_quota>
</course>
